start	end	text
0	2000	What is rocket science really?
2000	7000	In the beginning, God created the heaven and the earth.
7000	10000	In this special episode of American Alchemy,
10000	14000	we're going to pull on all of the threads of this hidden history.
14000	19000	Sex magic, Nazi scientists, secret societies, launch rituals,
19000	22000	rockets launched in time with pagan festivals,
22000	26000	Walt Disney's hidden messages.
26000	30000	This is the story of how communication with non-human intelligence
30000	36000	might just be the real and hidden foundation of our entire journey to the stars.
36000	40000	The whole subplot of our modern space program.
46000	50000	The date is July 16th, 1969.
50000	56000	Two hundred and thirty thousand miles away from home
56000	60000	sat NASA astronauts Neil Armstrong and Buzz Aldrin.
60000	62000	Columbia Houston, you're looking great.
62000	64000	Just two and a half hours before,
64000	68000	they had become the first pilots to touch down on another world.
68000	70000	The vehicle has landed.
70000	72000	As they prepared for their first moonwalk,
72000	76000	Buzz Aldrin opened a small kit of personal items that he had brought with him.
76000	84000	Aldrin then proceeded to carry out the first religious ceremony ever conducted on the moon.
84000	90000	Using a small silver chalice, a bit of wine, and a piece of bread that he had brought with him,
90000	92000	he quietly administered communion.
92000	98000	He recalled the wine curling slowly and gracefully up the side of the cup.
98000	104000	It was interesting to think the very first liquid ever poured on the moon was communion wine.
104000	110000	That's one small step for man, one giant leap for Freemasonry.
110000	113000	Does the landing on the moon have anything to do with Masonry?
113000	115000	Yahoo! Go to you!
115000	123000	Among his belongings was a small silk flag hand-stitched with the symbol of the Scottish Rite of Freemasonry.
123000	126000	According to the Masonic Grand Lodge of Ohio,
126000	132000	the Apollo 11 mission even established an appendant body of the Masonic Lodge on the moon.
132000	137000	That flag is now on full display at the Masonic Temple in Washington, D.C.
137000	140000	When man reaches new worlds, Masonry will be there.
140000	150000	The Scottish Rite is a branch of Freemasonry steeped in esoteric symbols, ritual, and mysticism.
150000	157000	Its highest rank, the 33rd degree, is symbolically tied to the 33 vertebrae of the spine,
157000	161000	culminating in the crown chakra, said to be the gateway to divine insight.
161000	165000	Buzz Aldrin, as it happens, held that rank.
165000	174000	Over the years, researchers looking at these kinds of oddities began to ask questions about the meaning of these rituals on the moon.
174000	178000	But those answers are not exactly what we're trying to explore in this episode.
178000	185000	What I'm interested in is the hidden side of NASA and the even more secretive National Reconnaissance Office, or NRO.
185000	190000	Agencies that have quietly launched thousands of rockets and payloads into orbit.
190000	193000	Behind them lies a stranger history than most people realize.
193000	201000	Because after all, Buzz Aldrin was not the first nor the last member of NASA to bring what some might derisively call the woo
201000	207000	to the epitome of nuts and bolts aerospace, astrophysics, and rocket fuel.
207000	213000	Just take Edgar Mitchell, Apollo 14 astronaut, the sixth man to walk on the moon,
213000	218000	in one of the most outspoken voices linking space exploration with the paranormal.
218000	225000	Mitchell wasn't shy about his belief in extraterrestrial life, or that the US government was probably covering it up.
225000	233000	But beyond the UFO question, he was also deeply invested in consciousness and the psychic phenomena.
233000	240000	On his journey to the moon, Mitchell conducted a private ESP, or extrasensory perception experiment,
240000	245000	attempting to send mental images back to Earth using a set of cards.
245000	249000	The results, scored by colleagues back on Earth, were better than chance.
249000	251000	Mitchell wasn't shy about this.
251000	255000	In a 1971 New York Times interview, he said,
255000	260000	We're too much uninformed about telepathy or ESP to project its uses.
260000	266000	But I think, once we understand the mechanism, then we can start talking about uses.
266000	270000	Few at NASA were interested, except one.
270000	271000	Werner Von Braun.
271000	276000	War is a dirty business, and all I can say is that I'm happy that it's all over now.
276000	280000	Yes, that Von Braun, former Nazi and father of American rocketry.
280000	289000	He was, according to Mitchell, deeply supportive, even encouraging Mitchell to find a site within NASA to study consciousness further.
289000	299000	After his mission, Mitchell founded the Institute of Noetic Sciences, a think tank dedicated to consciousness, psychic phenomena, and metaphysics.
299000	302000	Von Braun attended one of its early fundraising dinners.
302000	307000	For Mitchell, the overview effect, seeing Earth from space, was spiritual.
307000	311000	It made him wonder if the entire cosmos might be conscious.
311000	312000	And he wasn't alone.
312000	314000	There I was.
314000	317000	And there you are.
317000	322000	There you are, the Earth, dynamic, overwhelming.
322000	326000	And I felt that the world was just, just too much purpose, too much logic.
326000	329000	It was just too beautiful to have happened by accident.
329000	333000	There has to be somebody bigger than you and bigger than me.
333000	337000	And I mean this in a spiritual sense, not a religious sense.
337000	345000	There has to be a creator of the universe who stands above the religions that we ourselves create to govern our lives.
348000	352000	From the early days of rocketry to the height of the Apollo program,
352000	358000	there's been a long tradition of visionary scientists who saw no contradiction between physics and mysticism.
358000	360000	Even today, the pattern continues.
360000	362000	They're using the images of Roman gods.
362000	366000	And I would ask him, I said, why are you using the images of Roman gods?
366000	372000	Why are you putting them on your mission patches and also utilizing Latin phrases from that time period?
372000	374000	I mean, you're sending it up into space.
374000	376000	Who up in space is going to read Latin?
376000	383000	And his answer was, our sponsors.
383000	391000	Behind rocket technology, the thrust, the telemetry, the hardware, there is something else, something older.
391000	395000	There are whispers and subtle acknowledgements to gods.
395000	401000	Ancient symbols, rituals, and perhaps even the influence of non-human intelligence.
401000	406000	And if that is true, or at least if people involved in this science believe it to be true,
406000	411000	then we need to ask the fundamental question, what is rocket science really?
411000	418000	Is it foundationally entangled in something very strange we've spent millennia trying to understand?
418000	422000	Are there strange forces helping us get off this planet?
422000	429000	So buckle up, alchemists, because this one is going way out there.
429000	451000	When we think about the moon landing, the rockets, the computers, the broadcasts sent across two hundred and thirty
451000	454000	thousand miles of empty space.
454000	461000	It's easy to forget how recent this kind of knowledge really is.
461000	467000	Just over a century ago, astronomers were still debating the basic structure of the universe.
467000	473000	Einstein had shaken the foundations of physics in 1915 with his general theory of relativity.
473000	481000	But when it came to the cosmos itself, even the experts weren't sure what they were actually looking at through their telescopes.
481000	491000	Then, in 1923, Edwin Hubble peered through the 100-inch Hooker Telescope at Mount Wilson Observatory and saw something staggering.
491000	501000	This new telescope was powerful enough to resolve individual stars inside what most had assumed was just a cloud of gas in our own galaxy.
501000	510000	Guess what? It wasn't. That cloud, Andromeda, was another galaxy entirely, millions of light-years away.
510000	519000	This discovery shattered the old view. Our Milky Way wasn't the whole universe. It was just one among many.
519000	533000	It changed the cosmic perspective of the 20th century in the same way Copernicus had centuries earlier when he removed the Earth from the center of the solar system.
533000	543000	And the man who built this observatory that made this discovery possible was one of the most important and strangest figures in the history of modern astronomy.
543000	549000	I bring you George Ellery Hale.
549000	555000	Hale wasn't just a brilliant physicist. He was a visionary, and in some ways, a mystic.
555000	565000	While still at MIT, he invented the spectro-heliograph, a device that could capture solar flares erupting from the sun's surface.
565000	569000	But Hale's fascination with the sun went far beyond science.
569000	576000	He saw astronomy as a kind of philosophy, a link back to ancient Greece, Mesopotamia, Egypt, and Babylon.
576000	581000	He founded multiple observatories, including Mount Wilson in Pasadena.
581000	587000	The lodges where astronomers stayed were reportedly decorated with Egyptian hieroglyphs and symbols.
587000	595000	A reminder that they weren't just studying the stars. They were joining a tradition as old as human civilization.
595000	604000	Then there's the stranger part. Hale claimed he received creative inspiration from a being, an elf, or a spirit, as he described it.
604000	609000	Some biographers wrote this off as stress, eccentricity, or mistranslation.
609000	610000	But what if it wasn't?
610000	617000	Hale certainly wasn't the first, or the last, brilliant scientist to feel like he was receiving messages from somewhere else.
617000	620000	His reverence for the sun wasn't just theoretical.
620000	629000	When he designed the Hale Solar Laboratory in Pasadena, he included a tribute to Ankh-Aten and the arch above the entrance.
629000	635000	The ancient Egyptian pharaoh who tried to replace the entire Egyptian pantheon with a single god.
635000	637000	Atem, the sun disk.
637000	642000	When Hale died, his obituaries called him a priest of the sun.
642000	644000	A modern Zoroaster.
644000	650000	You might think Hale's beliefs were just personal quirks, unrelated to his science.
650000	653000	But this fits a much larger pattern.
653000	663000	Throughout history, the people we celebrate for pure science, the mathematicians, the engineers, the astronomers, were often described as tapping into something else.
663000	668000	Something they themselves called mystical, spiritual, or supernatural.
668000	672000	Today, we like to separate the discovery from the discoverer.
672000	676000	We want breakthroughs to feel rational, mechanical, explainable.
676000	683000	But that doesn't erase the fact that many of those breakthroughs were made by people who believed they were channeling something deeper.
683000	692000	Back in the early 20th century, Hale's work to help lay the foundations for modern astronomy.
692000	695000	But his influence didn't stop with telescopes.
695000	704000	He also transformed a small technical school, Throop Polytechnic, into what would become a powerhouse of science and engineering.
704000	705000	Caltech.
705000	711000	By the 1930s, Caltech was more than just a hub for equations and experiments.
711000	714000	It became a magnet for the greatest minds on Earth.
714000	721000	Hubble, Bohr, Oppenheimer, Heisenberg, even Einstein passed through its halls.
721000	724000	But Caltech also attracted outsiders.
724000	726000	One of them wasn't even a student.
726000	733000	But he would end up reshaping the future of American rocketry and possibly opening a door to something far stranger.
733000	736000	Jack Parsons.
736000	738000	Hey everyone, Jesse here.
738000	741000	Let's talk about something a lot of us quietly deal with.
741000	742000	Hair loss.
742000	745000	This is something that messes with your confidence more than you'd expect.
745000	749000	Okay, you might be wondering, Jesse, you clearly don't suffer from this.
749000	750000	It's true.
750000	752000	The biggest issue I face is hat hair.
752000	753000	I actually have very thick hair.
753000	756000	But one of my good friends deals with hair loss.
756000	760000	So when iRestore sent me their iRestore Elite, I gifted it to him.
760000	763000	And I've been amazed at the results it gave him.
763000	766000	The first thing that stood out to him is it's comfortable and easy to use.
766000	769000	You just pop it on while reading or working and it does its thing.
769000	771000	This isn't some gimmick.
771000	778000	It uses 300 lasers and 200 LEDs to deliver clinically backed red light therapy straight to the scalp.
778000	780000	This is the best way to stimulate hair growth.
780000	783000	Over the past few weeks, I've seen noticeable improvement with my friend.
783000	788000	He says that his hair feels thicker and healthier and it's improved his overall confidence in life.
788000	793000	The iRestore Elite uses triple wavelength technology and Lumitech red light therapy.
793000	797000	It's engineered for deeper penetration and broader coverage.
797000	801000	That means more stimulation to hair follicles and better, faster results.
801000	806000	And look, if it doesn't work for you, they offer a 12 month money back guarantee.
806000	809000	I've never heard of a money back guarantee that lasts that long.
809000	813000	Try it consistently and if you're not happy, they get you your money back.
813000	815000	Of course, the restocking fee applies.
815000	817000	That made it a no brainer for my friend.
817000	820000	So give yourself the gift of hair confidence this spring.
820000	825000	For a limited time only, our listeners get a huge discount on iRestore Elite
825000	830000	when you use code JESSE, J-E-S-S-E, at iRestore.com.
830000	838000	Head over to iRestore.com and use code JESSE, J-E-S-S-E, for our show's exclusive discounts on the iRestore Elite.
838000	841000	Please support our show and tell them we sent you.
841000	842000	Hair loss is frustrating.
842000	845000	You don't have to fight it alone, thanks to iRestore.
845000	867000	John Whiteside Parsons, Jack to his friends, was born in Pasadena in 1914.
867000	870000	From an early age, he was hooked on science fiction.
870000	874000	He struggled in school and never earned a formal degree.
874000	876000	But that didn't matter.
876000	880000	Parsons had an intuitive genius for chemistry and propulsion.
880000	888000	As a teenager, he and his friend Ed Foreman built homemade rockets, scavenging parts from Foreman's father's workshop.
888000	894000	One classmate later described them as a couple of powder monkeys going out into the desert, blowing things up.
894000	900000	Jack's mother, worried about his obsession with explosives, sent him to military school.
900000	903000	He was expelled after he blew up a toilet block.
903000	905000	Nothing deterred him.
905000	907000	Parsons had one dream.
907000	909000	To build a machine that could reach the moon.
912000	920000	By the early 1930s, he and Foreman were sneaking onto the Caltech campus to meet like-minded students who believed in rocketry.
920000	928000	Just a few years earlier, a Caltech student named Thomas Townsend Brown had formulated a less crude version of space travel.
928000	934000	But that fell upon deaf ears with top physics professors at Caltech like Robert Milliken.
934000	937000	Parsons was able to gain much more traction.
937000	946000	He found an ally in Frank Molina, an engineering student working under Theodore Von Carmen, one of the sharpest minds in aerodynamics.
946000	956000	Together, they formed an informal rocketry group and began testing experimental engines in the Arroyo Seco, a dry gulch just outside Pasadena.
956000	962000	That site would later become Jet Propulsion Laboratory, JPL.
962000	966000	Now here's something a lot of people don't realize.
966000	971000	At about 24 miles altitude, the first stage breaks away and the second stage motors fire.
971000	978000	In the early 20th century, even some of the most respected physicists believed rockets wouldn't work in space.
978000	988000	One of them, Caltech's own Fritz Zwicky, the man who coined the term supernova and theorized dark matter, dismissed the idea as nonsense.
988000	991000	They misunderstood Newton.
991000	997000	They thought rockets needed something to push against, and in the vacuum of space, there would be nothing to push on.
999000	1003000	Even the New York Times mocked the idea in a 1920 editorial.
1003000	1008000	So when people like Jack Parsons pursued this, they weren't solving a hard problem.
1008000	1011000	They were chasing what many thought was a delusion.
1011000	1014000	That makes what they achieved all the more remarkable.
1014000	1018000	They believed in the impossible, then figured out how to build it.
1018000	1024000	And Parsons, as we'll see, believed in more than just exotic propulsion.
1024000	1034000	At Caltech, his raw intuition led to breakthroughs in both solid and liquid fuels, more powerful and reliable than anything that had come before.
1034000	1040000	The tests were chaotic and dangerous, but soon the military took notice.
1040000	1049000	Parsons developed a solid fuel booster, or what would later become the first stage of a rocket, to help heavily loaded aircraft take off.
1049000	1053000	They called it Jet Assisted Takeoff, or JADO.
1053000	1060000	They avoided using the word rocket because it still sounded too much like science fiction.
1060000	1063000	The first successful JADO flight was in 1941.
1063000	1069000	By 1942, the US military was ordering 20,000 units per month.
1073000	1078000	But just as JPL was taking off, the FBI came knocking.
1078000	1081000	Because Jack Parsons wasn't just a rocket scientist.
1081000	1084000	He was also a practicing occultist.
1084000	1096000	He was a devoted member of the Ordo Templi Orientis, or OTO, an esoteric order led at the time by the infamous Aleister Crowley.
1096000	1107000	Thelema, their belief system, combined ceremonial magic, Eastern mysticism, and tantric techniques into what Crowley called sex magic.
1107000	1111000	That's magic with a K, to distinguish it from stage tricks.
1111000	1114000	Parsons wasn't just a casual participant.
1114000	1122000	He led the local chapter from a Pasadena mansion where he lived with a rotating cast of artists, intellectuals, and magicians.
1122000	1131000	The rituals were elaborate, invoking gods, spirits, and forces said to reside in higher dimensions.
1131000	1140000	The most infamous of these was the Babylon Working, an attempt to summon the divine feminine archetype known as Babylon.
1140000	1149000	Inspired by Crowley's novel Moon Child, the ritual aimed to recreate a magical child through spiritual and sexual practices.
1149000	1153000	Not literal birth, but transformation of the self.
1153000	1170000	Kind of a weird extracurricular for a guy who became known as the father of the American space program.
1170000	1176000	These weren't acts of fantasy to Parsons.
1176000	1179000	He believed the rituals had real power.
1179000	1186000	That they could raise consciousness, open doorways, and make contact with non-human intelligences.
1186000	1189000	He wasn't alone in thinking this way.
1189000	1203000	Gnostic Christian sects, early mystics like Clement of Alexandria, and Tantric traditions in India and China all described sex as a vehicle for divine communion.
1203000	1206000	Not lust, but willful transformation.
1206000	1209000	Parsons believed he was continuing that lineage.
1211000	1213000	But it gets weirder.
1213000	1218000	His ritual partner for the Babylon Working was a man named L. Ron Hubbard.
1218000	1221000	Yes, that L. Ron Hubbard.
1221000	1227000	Before founding Scientology, Hubbard helped Parsons conduct the ritual series.
1227000	1232000	But soon after, he ran off with Parsons' girlfriend and a chunk of his money.
1232000	1241000	Parsons, furious, attempted a magical counterattack, invoking the spirit of Mars, Bartzabel, in a Miami hotel room.
1241000	1244000	Magic or not, Parsons got his compensation.
1244000	1251000	Hubbard's yacht would promptly encounter a storm, and a court later forced him to pay Parsons back.
1251000	1256000	After that, some began to wonder if the Babylon Working had actually succeeded.
1256000	1259000	If it had opened something up in 1946.
1259000	1266000	Because in the years that followed, reports of unidentified aerial phenomena began to skyrocket.
1266000	1269000	Parsons himself believed he had made contact.
1269000	1273000	He said he was being guided by non-human intelligence.
1273000	1276000	That idea surfaces in Diana Pasolka's work as well.
1276000	1284000	The notion that visionary scientists may have been receiving messages, insights, or downloads from something beyond.
1284000	1292000	It also is a prominent theme in Professor Jimena Canales' book, Bedeviled, about the history of demons and science.
1292000	1294000	Parsons wasn't alone in this belief.
1294000	1302000	Pythagoras, Newton, and even Edison spoke of mystical inspiration or communion with unseen forces.
1302000	1309000	Edison, near the end of his life, actually tried to build a device to communicate with the dead.
1309000	1314000	So even if we keep our skeptic hats on, we're left with this strange pattern.
1314000	1322000	Many of the people responsible for scientific breakthroughs, people we call geniuses, didn't see themselves as inventors.
1322000	1325000	They saw themselves as receivers.
1325000	1335000	In Parsons' case, he believed he was building technology to carry humanity into space, with the help of something else.
1335000	1340000	He would sometimes recite Crowley's hymn to Pan during rocket tests.
1342000	1353000	According to legendary French UFO researcher Jacques Vallée, there were rumors of a ritual in the Mojave, where a blonde woman appeared and claimed to be from Venus.
1353000	1365000	If true, this would have been the first recorded encounter with a quote-unquote Nordic, or tall white, non-human entity, predating similar contactee stories by years.
1365000	1372000	Eventually, Parsons' occult lifestyle, strange houseguests, and growing paranoia led to trouble.
1372000	1375000	He was pushed out of JPL.
1375000	1380000	In 1952, he died in an explosion in his home laboratory.
1380000	1385000	Officially, it was ruled an accident involving volatile chemicals.
1385000	1388000	But some found the circumstances suspicious.
1390000	1395000	Parsons left a crater on Earth, but also one on the Moon.
1395000	1396000	Literally.
1396000	1398000	A lunar crater now bears his name.
1398000	1403000	And at JPL, some insiders still call it, Jack Parsons Laboratory.
1403000	1406000	Others just say, Jack Parsons Lives.
1406000	1411000	Now you might be thinking, sure, there was one eccentric rocket guy with a thing for ritual magic.
1411000	1415000	Maybe he laid the groundwork for ICBMs and Apollo.
1415000	1417000	But that doesn't mean that the whole field was weird.
1417000	1418000	Maybe.
1418000	1419000	Maybe.
1433000	1440000	Longtime viewers of this show will know we've covered evidence linking the Third Reich to UFO technology before.
1441000	1445000	From reports that Hitler knew about the 1933 Magenta crash.
1445000	1450000	To rumors of Nazi saucer tests in modern-day Czechoslovakia.
1450000	1456000	To the post-war absorption of German rocket scientists experimenting with exotic propulsion.
1461000	1464000	But what often surprises people isn't just the tech.
1464000	1470000	It's the fact that the highest level of Hitler's regime were obsessed with the occult.
1470000	1472000	This wasn't just Hollywood fantasy.
1472000	1476000	Sure, Indiana Jones gave us Nazis hunting for the Ark of the Covenant.
1476000	1478000	But the truth is stranger.
1479000	1488000	In 1945, near the end of the war, American forces uncovered a hidden stash of Nazi documents in a cave in southern Germany.
1488000	1493000	Among them were records, revealing real state-sponsored occult projects.
1493000	1497000	Expeditions to Tibet to trace Aryan origins.
1497000	1505000	Searches for ancient runestones, pagan sites, and even a government-backed quest to find the Holy Grail.
1506000	1513000	A lot of this stemmed from Heinrich Himmler, head of the SS and one of the architects of the Holocaust.
1513000	1518000	He was obsessed with Germanic mythology, paganism, and mystical power.
1518000	1528000	He turned Wellesburg Castle into a ritual center, complete with a black sun chamber beneath it and a round table for his SS knights.
1529000	1539000	He also created the Anna Nürbe, a pseudoscientific institute devoted to proving that the so-called Aryan race descended from Atlantis.
1539000	1542000	And yes, they actually believed that.
1543000	1554000	The Nazi Party itself was born out of the Thule Society, a Volkish secret group that mixed Germanic paganism, Atlantis myths, and Aryan esotericism.
1554000	1565000	The Thule Society held seances and rituals meant to contact non-human intelligences they believed were their ancient progenitors.
1565000	1569000	Star beings from the far north, beneath the Polestar.
1569000	1574000	They performed these rites at symbolic locations, like the Harts Mountains.
1574000	1581000	On nights like Walpurgisnot, a festival tied to witches, spirits, and old pagan ceremonies.
1581000	1592000	There are also claims about the Vril Society, a group said to have channeled anti-gravity technology and psychic powers from an ancient subterranean race.
1592000	1599000	Now, we don't have to believe any of these occult theories themselves, but what matters is the Nazis did.
1599000	1601000	And it didn't just stop at mysticism.
1601000	1605000	The Nazis were also pioneers of actual rocket science.
1606000	1609000	One of the key figures was Hermann Oberth.
1609000	1617000	Born in Transylvania, inspired by sci-fi writer Jules Verne, Oberth began theorizing about spaceflight as a teenager.
1617000	1629000	In 1923, he published The Rocket into Planetary Space, a landmark book that laid out how a multi-stage rocket could escape Earth's gravity.
1630000	1632000	He was decades ahead of his time.
1632000	1639000	He envisioned orbiting telescopes, spacesuits, weather-controlling satellites, even missions to other planets.
1639000	1649000	His ideas sparked a movement, and when World War II began, Oberth was pulled into military work, building rockets for Germany and later for Italy.
1650000	1657000	After the war, Oberth became one of the few major scientists to publicly support the reality of UFOs.
1657000	1669000	After so many witnesses have seen the so-called flying saucers, their existence cannot longer be denied.
1669000	1675000	I believe that these flying objects come from another solar system.
1676000	1683000	In a 1954 lecture, he argued that these UFOs had been observed since at least the 1400s.
1683000	1690000	Oberth believed they were piloted by extraterrestrial visitors, monitoring Earth's nuclear sites and military tech.
1691000	1693000	In interviews, he even said,
1693000	1698000	We cannot take all of the credit for our record advancements in certain scientific fields.
1698000	1700000	We have been helped.
1700000	1702000	When asked by whom, he replied,
1702000	1704000	The people of the other worlds.
1704000	1715000	Later in life, Oberth was invited to watch the launch of Apollo 11 and the space shuttle Challenger.
1715000	1720000	But he wasn't part of the official Operation Paperclip transfer of Nazi scientists.
1720000	1725000	That honor fell to his most famous student, Werner Von Braun.
1725000	1728000	Before we jump in, I want to thank today's sponsor.
1728000	1730000	Hex-clad cookware.
1730000	1737000	AKA the pans I didn't know I needed until I ditched the warped, flaked mess I've been cooking with since college.
1737000	1738000	But here's what sold me.
1738000	1743000	Hex-clad pans are like if stainless steel and non-stick had a love child.
1743000	1745000	And then Gordon Ramsay adopted it.
1745000	1749000	No joke, he actually uses them at home and in his restaurants.
1749000	1752000	And as we all know, that guy doesn't suffer fools gladly.
1752000	1756000	So he probably has equally high standards for his cookware.
1756000	1757000	First meal I made?
1757000	1760000	A seared steak and some scrambled eggs.
1760000	1761000	No sticking.
1761000	1762000	No smoke alarm.
1762000	1767000	No soaking it overnight like it's some artifact from an archaeological dig.
1767000	1770000	They're oven safe up to 500 degrees Fahrenheit.
1770000	1772000	They're toxic free.
1772000	1775000	And they even come somehow with a lifetime warranty.
1775000	1778000	Which to me sounds like cookware immortality.
1778000	1779000	And the knives?
1779000	1781000	Japanese Damascus steel.
1781000	1783000	67 layers.
1783000	1790000	It's this kind of precision that makes you wonder if these were reverse engineered from material found at a UFO crash site.
1790000	1794000	So if you've got some sad pan haunting your kitchen, replace it.
1794000	1798000	For a limited time, get 10% off my exclusive link.
1798000	1801000	Hex-clad.com slash jesse.
1801000	1804000	Again, that's Hex-clad.com slash jesse.
1804000	1805000	Please use that link.
1805000	1809000	It shows a ton of support for the channel and you get a discount.
1809000	1811000	Now back to the episode.
1811000	1817000	Dr. Von Braun, were you embarrassed to come to London this time after being responsible for the V-weapons during the war?
1817000	1828000	I'm really happy to have this opportunity to express my personal sympathies to those in London who lost their loved ones in these V-weapon raids.
1828000	1831000	But then war is a dirty business.
1831000	1834000	And all I can say is that I'm happy that it's all over now.
1834000	1837000	Von Braun wasn't just a German rocket scientist.
1837000	1846000	He was the architect of the V-2 missile program, a major in the SS and one of the top minds in Hitler's war machine.
1846000	1850000	Like Parsons, Von Braun had dreamed of space since he was a boy.
1850000	1860000	But where Parsons was invoking goddesses in desert rituals, Von Braun was swearing loyalty to Himmler and building rockets with slave labor from concentration camps.
1860000	1871000	After the war, the U.S. swept Von Braun up in Operation Paperclip, a covert mission to extract Nazi scientists.
1871000	1878000	He was captured in Bavaria, where a young Henry Kissinger was actually helping run counterintelligence for the United States.
1878000	1882000	Von Braun's record was scrubbed and he was given a new job.
1882000	1885000	Build America's space program.
1885000	1887000	And that he did.
1887000	1896000	Von Braun became the public face of NASA, a media darling, the man behind the Saturn V rocket that took us to the moon.
1896000	1903000	But the overall size and weight of the rocket is mainly determined by the 11 tons weight of this top section.
1903000	1914000	This weight dictates the amount of fuel and the numbers of motors needed to produce enough power to equalize the gravitational pull of the Earth.
1914000	1924000	But behind the scenes, many of the ideas, the scientists, and even the weirdness of the Nazi space program had been brought into the American one.
1924000	1927000	As we'll see, the weirdness didn't vanish.
1927000	1929000	It just changed uniforms.
1929000	1936000	But before we get to NASA's more esoteric side, we need to check in with the other major player in the space race.
1936000	1959000	Before Parsons, NASA, or the Nazis, another conception of human purpose, one tied to our place in the universe, was emerging in late 19th century Russia.
1959000	1964000	Something we now call Russian cosmism.
1964000	1976000	It began with a librarian and philosopher named Nikolai Fyodorov, who believed the true task of humanity and Christianity was not to await resurrection, but to cause it.
1976000	1983000	He believed that one day, technology would allow us to resurrect every human who had ever lived.
1983000	1991000	And that once death was defeated, humanity's next task would be to colonize the cosmos.
1991000	2001000	Among those most influenced by Fyodorov and his ideas was a deaf, self-taught young man named Konstantin Tsiolkovsky.
2001000	2005000	He would become known as the father of Russian spaceflight.
2005000	2009000	Tsiolkovsky didn't just believe space travel was possible.
2009000	2011000	He believed it was necessary.
2011000	2018000	He saw humanity as part of a cosmic process, destined to leave Earth and populate the stars.
2018000	2024000	In 1903, he developed what we now call the Tsiolkovsky rocket equation.
2024000	2031000	The fundamental formula describing how a rocket accelerates based on its mass and exhaust velocity.
2031000	2039000	Like Oberth, he anticipated breakthroughs in rocketry and space exploration well before they were technologically feasible.
2039000	2042000	And here's where things get especially strange.
2042000	2049000	As Diana Pasolka points out in American Cosmic, Tsiolkovsky believed that non-human intelligences,
2049000	2055000	what he called ethereal beings, were communicating with us through celestial symbols.
2055000	2056000	He wrote,
2056000	2063000	We are made as the ethereal beings, existing beyond our dimensions of recognized reality.
2063000	2072000	These higher beings are in communication with us, reading our thoughts and sending us messages through celestial symbols,
2072000	2076000	which most of us do not even perceive, much less understand.
2076000	2086000	A genius is one who comprehends and channels these messages from higher beings into technologies, products and even art.
2086000	2093000	Tsiolkovsky seemed to believe that his rocket science, the very math that would take humans off Earth,
2093000	2097000	was received through this kind of cosmic transmission.
2097000	2104000	He may have seen himself not only as an engineer, but as a medium for an intelligence beyond human understanding.
2104000	2111000	Another example of someone who saw the spiritual dimension of science as fundamental to the work itself.
2111000	2120000	Even as the Soviet Union officially rejected religion, it opened the door to a different kind of cosmic mythology,
2120000	2128000	one in which ancient contact with extraterrestrials was treated not as fantasy, but as a legitimate scientific possibility.
2128000	2133000	These ideas were often framed in speculative or scientific language,
2133000	2145000	a political workaround that allowed Soviet thinkers to explore humanity's possible contact with advanced extraterrestrial civilizations without invoking the supernatural.
2145000	2153000	Figures like Alexander Kazantsev and Felix Ziegel proposed that alien visitors may have influenced early human development,
2153000	2159000	seeding myths and technologies that were later taken on by ancient cultures.
2159000	2167000	Unlike in the West, where such theories were typically fringe, in the USSR they were sometimes discussed in academic circles,
2167000	2173000	covered in state-run media, and even investigated by military and intelligence services.
2173000	2184000	This made paleocontact, as they called it, not just a conspiracy theory, but a semi-legitimate line of inquiry into humanity's cosmic origins.
2184000	2188000	But it was the Americans who won the space race when they made it to the moon.
2188000	2196000	And maybe, just maybe, that mission carried within it a hidden reverence for the esoteric dimensions of spaceflight
2196000	2201000	that men like Tsiolkovsky and Fyodorov had long envisioned.
2201000	2207000	Maybe the space race wasn't just a Cold War pissing contest, but a transcendental mission.
2207000	2212000	Which brings us to NASA, where the weird gets even weirder.
2224000	2231000	NASA was officially established on July 29th, 1958, by the National Aeronautics and Space Act.
2231000	2237000	On paper, this document laid out that NASA was supposed to be a civilian agency for space exploration,
2237000	2242000	devoted to quote-unquote peaceful purposes for the benefit of all mankind.
2242000	2246000	But that idealism is tempered in the very next paragraph.
2246000	2253000	The act makes clear that the general welfare and security of the United States requires such an organization.
2253000	2265000	And that any activities, peculiar to or primarily associated with weapons systems, military operations, or the defense of the United States, fall outside the civilian mandate.
2265000	2279000	In practice, that meant if NASA found anything deemed strategically sensitive, at all, a breakthrough in propulsion, a powerful new sensor, or even contact with non-human intelligence, it could be withheld indefinitely.
2279000	2283000	It's a reminder of something we've talked about before.
2283000	2287000	The echoes of the 1954 Atomic Energy Act.
2287000	2300000	If you read the definition of special nuclear material in the Public Atomic Energy Act of 1954, it basically states any material that releases any kind of atomic energy.
2300000	2302000	That would be retrieved crash material.
2302000	2304000	So it's kind of a sneaky way.
2304000	2305000	No, it is.
2305000	2314000	If you actually read the Atomic Energy Act, if something is not a nuke, but it has radiological energy coming off it, you know, alpha, beta decay, whatever.
2314000	2315000	Same secrecy.
2315000	2316000	Same secrecy.
2316000	2318000	How did the Nazi rocket scientists get in?
2318000	2326000	After Operation Paperclip, Werner Von Braun and his team were brought into the U.S. to work on ballistic missiles.
2326000	2334000	Many of them ended up in places like Fort Bliss in White Sands, where they were housed in military camps and worked under tight control.
2334000	2340000	Swastikas and Nazi memorabilia were reportedly on open display in some of these facilities.
2340000	2349000	FBI documents even showed that at one point Von Braun was caught sending classified documents to his Nazi counterparts in the USSR.
2349000	2352000	But it seemed like no disciplinary action was ever taken.
2352000	2362000	During this period Von Braun caught the attention of Walt Disney.
2362000	2367000	The two collaborated on a series of educational films about space exploration.
2367000	2377000	Von Braun features a lot in them, explaining the future of space exploration and the capabilities of imagined rockets and space stations.
2377000	2383000	One extended scene, a team of astronauts travel to the far side of the moon for the first time.
2383000	2391000	That's when a radar engineer yells out that some kind of radiation is being picked up on their sensors at 33 degrees.
2391000	2396000	Something that turns out to be a very constructed looking feature on the terrain of the moon.
2396000	2398000	Get some flares in that area, quick.
2398000	2417000	The film moves on without too much attention being paid to the set of ruins on the moon.
2417000	2421000	Almost like it was just included for those that would notice it.
2421000	2426000	Perhaps it was just a coincidence, an imaginative nod to the unknowns of space.
2426000	2429000	The coordinates, 33 degrees, are hard to ignore.
2429000	2434000	Especially given the prominence of that number in the Scottish Rite of Freemasonry.
2436000	2440000	There are a few Scottish Rite Masons you might have heard of.
2440000	2444000	And those that were awarded the highest honor of becoming a 33rd degree.
2444000	2451000	This includes the first American to orbit the Earth, John Glenn, as well as the President, Harry Truman.
2451000	2455000	And another astronaut we've already discussed, Buzz Aldrin.
2455000	2459000	James Webb, NASA Administrator, Scottish Rite Mason.
2459000	2463000	Kenneth Kleinecht, Director of Mercury, Gemini, and Apollo.
2463000	2465000	Also a Scottish Rite Mason.
2465000	2468000	We've also got Leroy Gordon Cooper Jr.
2468000	2470000	Who flew on the Mercury and Gemini programs.
2470000	2473000	And then you have Walter Shura Jr.
2473000	2475000	And Don Eisel, who flew on Apollo 7.
2475000	2479000	As well as Virgil Grissom, who flew on the Mercury program.
2479000	2483000	But sadly passed away in the training capsule fire for the first Apollo mission.
2483000	2486000	Thomas Patton Stafford flew Apollo 10.
2486000	2488000	All Freemasons.
2488000	2493000	Later, on Apollo 15, the eighth person to walk on the moon was also a Mason.
2493000	2494000	James Irwin.
2494000	2496000	And another man we've already mentioned earlier.
2496000	2502000	Edgar Mitchell, who spent more than nine hours walking on the moon's surface on Apollo 14.
2502000	2504000	Freemason.
2504000	2510000	So by the mid-1960s, the structure of NASA, and I mean the actual power structure,
2510000	2515000	was a strange cocktail of former SS officers, Freemasons, and occultists.
2515000	2519000	And then there's the Teos Cave story.
2519000	2520000	You know where I do want to go though?
2520000	2523000	You know, there are all the conspiracies that the moon landing was faked.
2523000	2528000	And then there's the UFO conspiracy that Neil Armstrong saw, like, UFOs on the moon or whatever.
2528000	2530000	I'm not proposing that. I don't necessarily think that that's true.
2530000	2539000	But the one possibly kind of funny piece of additional evidence would be that the second expedition Neil Armstrong did was in 1975.
2539000	2543000	And it was to a cave in Ecuador at the edge of the Amazon.
2543000	2545000	And it was called the Teos Cave.
2545000	2549000	And it was supposed to contain ancient alien metallic artifacts.
2549000	2560000	And so clearly, Neil Armstrong believed enough in the possibility of that thing to, like, go into the Amazon and risk his life and try to look for it.
2560000	2563000	And a BBC documentary crew followed him in there.
2563000	2588000	What we've seen throughout this video is that there's something more than a sterile materialist view of reality behind the engineering and physics of space exploration.
2588000	2592000	There seems to be a kind of ritual element to it.
2592000	2599000	And one of the clearest signs that NASA wasn't just about nuts and bolts science is something hiding in plain sight.
2599000	2601000	The mission patches.
2601000	2604000	Take the official Apollo program patch.
2604000	2606000	At first glance, it's simple.
2606000	2611000	The Earth, the moon, a path connecting them and a large letter A.
2611000	2612000	But look again.
2612000	2615000	Behind the A is the constellation Orion.
2615000	2620000	And the crossbar of the A is deliberately aligned with Orion's belt.
2620000	2624000	The three stars, Mintaka, Alnilam, and Alnitak.
2624000	2627000	In Greek myth, Orion is the hunter.
2627000	2631000	But to the ancient Egyptians, those three stars were Osiris.
2631000	2635000	God of the afterlife, death, and resurrection.
2635000	2639000	And in the patch, they're outlined in blue, given special emphasis.
2639000	2641000	Strange, right?
2641000	2646000	Especially for a mission named after Apollo, the Greek god of the sun.
2646000	2652000	Why name the mission after one deity but center its symbolism around an entirely different pantheon?
2652000	2655000	And which pantheon are we talking about here?
2655000	2657000	Was the big A for Apollo?
2657000	2661000	Or for Assar, the Egyptian name for Osiris?
2661000	2669000	In Egyptian myth, Osiris is murdered by his brother Set and resurrected by his wife Isis and their son Horus.
2669000	2672000	Who then defeats Set and restores cosmic order.
2672000	2677000	A myth of death, rebirth, and celestial destiny written into the sky.
2677000	2684000	NASA's primary launch pad at White Sands, where von Braun ran early tests, was Launch Pad 33.
2684000	2686000	Same thing at Kennedy Space Center.
2686000	2687000	There's only one runway.
2687000	2690000	And it isn't runway 1 or A.
2690000	2692000	It's runway 33.
2692000	2695000	Even key mission planners had surprising backgrounds.
2695000	2701000	Farouk El-Baz, who oversaw lunar science planning and helped select Apollo landing sites,
2701000	2704000	was nicknamed the king by the astronauts.
2704000	2707000	His father was a scholar of Egyptian religion.
2707000	2711000	And of course, NASA was never shy about a little syncretism.
2711000	2715000	They would mix and mash and pay homage to all sorts of ancient traditions.
2715000	2721000	Juno, the Roman queen of the gods, lent her name to one of the earliest launch vehicles.
2721000	2726000	Mercury, the Roman messenger god, was chosen for the first human spaceflight program.
2726000	2729000	Then came Gemini, the zodiac twins.
2729000	2734000	And finally, Apollo, the Greek sun god of light, knowledge, and rebirth.
2734000	2741000	One of the most intriguing aspects of the whole story is how the symbolism doesn't stop at names or patches.
2741000	2745000	It carries into the actual timing of the launches themselves.
2749000	2755000	Back in 1936, while Jack Parsons was still testing rockets in the Arroyo Seco,
2755000	2760000	his team managed their first successful liquid fuel test on Halloween night.
2760000	2764000	That date, October 31st, was originally Samhain,
2764000	2770000	a pagan festival marking the midpoint between the autumn equinox and the winter solstice.
2770000	2776000	Over 20 years later, Explorer 1, the first U.S. satellite built by JPL,
2776000	2781000	was launched on January 31st, 1958.
2781000	2784000	That day is known in the Christian calendar as Candlemas,
2784000	2787000	but in the pagan tradition as Imbolc.
2787000	2792000	The odds of the U.S. space program being bookended by Samhain and Candlemas,
2792000	2798000	two cross-quarter days with deep ritual significance in European pagan tradition, are striking.
2798000	2804000	Even if not consciously planned by the engineers, the timing seems to follow an occult template.
2804000	2809000	Samhain as a symbolic gateway, and Candlemas as a moment of rebirth.
2809000	2812000	Together, they framed the dawn of American spaceflight.
2812000	2814000	But we're just getting started.
2814000	2817000	This alignment with sacred dates was not a one-off.
2817000	2821000	During the Apollo era, launch planners sometimes chose dates
2821000	2824000	that aligned with celestial or symbolic turning points.
2824000	2830000	One of the clearest examples was Apollo 8, the first crude orbit of the moon.
2830000	2835000	It launched on December 21st, 1968, the winter solstice,
2835000	2840000	the day the sun is symbolically reborn after the longest night of the year.
2840000	2845000	Apollo 8 marked the first time humans left Earth's gravitational field.
2845000	2850000	And from lunar orbit, the crew delivered the famous Genesis reading on Christmas Eve.
2850000	2854000	In the beginning, God created the heaven and the earth.
2854000	2858000	And the earth was without form, and void.
2858000	2861000	And darkness was upon the face of the deep.
2861000	2865000	And the Spirit of God moved upon the face of the waters.
2865000	2869000	And God said, let there be light.
2869000	2871000	And there was light.
2871000	2874000	And God saw the light, that it was good.
2874000	2877000	God divided the light from the darkness.
2877000	2880000	But was it just convenient scheduling?
2880000	2883000	Or was some deeper archetypal pattern playing out?
2883000	2886000	A subconscious script of death and resurrection?
2886000	2888000	I'm going to give a little warning here.
2888000	2890000	What I'm going to lay out next is highly speculative.
2890000	2892000	I'm not saying I definitely believe it.
2892000	2894000	And it might sound a little bit out there.
2894000	2896000	Let's take Apollo 11 as an example.
2896000	2906000	Launched on July 16th, 1969, it coincided with the 24th anniversary of the Trinity Atomic Test.
2906000	2908000	The dawn of the nuclear age.
2908000	2914000	But the moon landing itself on July 20th happened under the astrological sign of Aquarius.
2914000	2918000	Symbol of the water bearer and bringer of knowledge.
2918000	2922000	Aquarius is often linked with enlightenment and radical change.
2922000	2929000	And it's tempting to think that the moon landing, timed as it was, might have been more than a technological milestone.
2929000	2933000	It could have been seen as a ritual passage into a new cosmic age.
2933000	2936000	The so-called Age of Aquarius.
2936000	2941000	Remember, Aldrin poured wine into a silver chalice during his private communion ceremony on the moon.
2941000	2946000	Humanity, in a sense, poured itself into another world.
2946000	2950000	What's especially fascinating is that these symbolic alignments haven't gone away.
2950000	2953000	They've continued into the 21st century.
2953000	2958000	In a presentation, former CIA officer John Ramirez described one particular case.
2958000	2962000	The 2005 launch of NRL 16.
2962000	2964000	The mission patch was strange.
2964000	2971000	It showed a pelican, a sun, several pentagrams, a silhouette of Bigfoot and palm trees.
2971000	2979000	Ramirez said that the pelican caught his attention because it matched the aviary codename of CIA scientist Ron Pandolfi.
2979000	2984000	Pandolfi has been a mysterious figure long tied to the UFO topic.
2984000	2993000	He has worked on exotic physics, was connected to the Jasons and Mitre Corporation, and was part of the CIA's Office of Scientific and Weapons Research.
2993000	2997000	A lot of people say that Pandolfi works the CIA's Weird Desk.
2997000	3004000	According to Ramirez, Pandolfi was directly involved in this NRL 16 launch.
3004000	3009000	The launch itself happened on 1250 AM on April 30th, 2005.
3009000	3018000	This happens to be the same day of Walbur Gisnacht, the traditional pagan holiday tied to the idea of gates opening between worlds.
3018000	3028000	The vehicle carried a payload named Prometheus, launched on a Titan IV rocket, and headed northeast towards the constellation of the Big Dipper.
3028000	3036000	This alignment has uncanny parallels to a ritual described in the 1977 grimoire known as the Necronomicon.
3036000	3048000	According to the text, the best time to perform the ceremony of walking, a kind of spiritual journey to the stars, is when the great bear hangs by its tail in the sky.
3048000	3057000	The ritual is said to work best around midnight, facing north, with specific emphasis on the northeast, the direction the Big Dipper rises.
3057000	3066000	The number five is the sacred, and the launch occurred at 050, five years into the millennium, on a patch covered in five pentagrams.
3066000	3067000	One.
3067000	3080000	Some researchers, like Peter Lavenda, have suggested that figures close to these launches encouraged people like Tom DeLonge to study Greek mythology.
3080000	3086000	Especially the story of Prometheus, to better understand the UFO phenomena.
3086000	3091000	That name, of course, matched the payload on the NRL-16.
3091000	3095000	After the launch, the remaining Titan IV rockets were retired.
3095000	3100000	One went to the National Museum of the U.S. Air Force at Wright-Patterson Air Force Base.
3100000	3107000	The other went to McMinnville, Oregon, the site of one of the most famous UFO photographs ever taken in 1950.
3107000	3111000	All slightly schizo-coincidences? Maybe.
3111000	3120000	But Lavenda has said that he's personally received letters from inside the U.S. military, praising the Necronomicon for being quote-unquote spot-on.
3120000	3124000	Including some from officers in Strategic Air Command.
3124000	3128000	For years, his book was even a bestseller at Fort Benning.
3128000	3130000	In just a few minutes, we're going to be left.
3130000	3133000	Annual surge, plus 400,000 vacationers.
3133000	3136000	Then there's the symbolism of the Big Dipper itself.
3136000	3146000	In Spielberg's Close Encounters of the Third Kind, the first UFOs to appear above Devil's Tower formed the shape of the Dipper in the sky.
3146000	3153000	Jacques Vallée noted that Betty Hill's abduction story also began with her seeing one too many stars in the Dipper.
3153000	3164000	Even Navy pilot Ryan Graves, who's very humble in his claims, has said that pilots reported UAPs emerging from the Dipper and even dogfighting near it in orbit.
3164000	3170000	Ancient Egyptian rituals used Dipper-shaped tools to send pharaohs into the afterlife.
3170000	3174000	Taoist sages would trace its stars in ascension rituals.
3174000	3184000	Ptolemy, one of the fathers of modern astronomy in 2nd century AD Alexandria, would also say that souls would ascend through Orion's belt.
3184000	3190000	Even the Thule Society saw the circumpolar stars as a point of origin for non-human intelligences.
3190000	3194000	And then look at modern super-experiencers like Chris Bledsoe.
3194000	3203000	Bledsoe believes that the non-human intelligence he is in contact with, which he has termed the Lady, is linked to the Dipper.
3203000	3208000	And that her companions call themselves, quote unquote, the Guardians.
3208000	3212000	Coincidentally, Guardians is the term now used by the US Space Force.
3212000	3221000	And the emblem of Space Delta-7, the Space Force's intelligence wing, shows a bear holding a key in front of the Big Dipper.
3221000	3224000	So we return to the central question.
3224000	3226000	Are these patterns just coincidence?
3226000	3229000	Are we connecting the dots in a crazy way?
3229000	3232000	Pareidolia, finding patterns where they don't exist.
3232000	3236000	Or does the pattern these disparate dots create suggest something deeper?
3236000	3250000	We return to Diana Pasolka in her discussions with the enigmatic Tyler D.
3250000	3253000	Timothy Taylor, the NASA mission controller.
3253000	3261000	One of the most curious aspects of Taylor's story is his claim that he receives downloads from an intelligence he believes is non-human.
3261000	3267000	These downloads appear as sudden flashes of insight, full mental blueprints or instructions.
3267000	3273000	He says they come to him through specific protocols and they've led to real patents and technologies.
3273000	3279000	They have also shaped how he approaches his ongoing work within the US space program.
3279000	3286000	Even if we take the most skeptical approach, assuming Taylor is simply a high ranking engineer with strange personal beliefs,
3286000	3290000	it still leaves us with a wild but undeniable fact.
3290000	3296000	Someone overseeing major NASA launches believes they are influenced by a non-human intelligence.
3296000	3301000	I'm fairly sure Tim Taylor is a known entity at Kennedy Space Center.
3301000	3305000	I personally tried to meet up with him once, but he had to go to Florida for a launch.
3305000	3313000	And finally, I've found this bizarre connection between Tim Taylor and mid-century anti-gravity inventor Thomas Townsend Brown.
3313000	3320000	Brown's daughter Linda reviewed Tim Taylor's book on Amazon before anybody knew who Tim Taylor was,
3320000	3326000	well before he was written about even pseudonymously in Diana Posulka's American Cosmic.
3326000	3335000	And then Tim Taylor apparently told Christopher Bledsoe's son Ryan that he was part of a secret time travel program in Nassau in the Bahamas,
3335000	3340000	and that Thomas Townsend Brown was the president of that group.
3340000	3346000	I know a ton about Thomas Townsend Brown, and I can tell you definitively he was obsessed with time travel.
3346000	3355000	He also spent an inordinate amount of time in the Bahamas with the inspiration for James Bond and Winston Churchill's super spy, William Stevenson.
3355000	3361000	And then there's Tim Taylor telling Posulka that he was part of the quote-unquote adjustment team,
3361000	3366000	an homage to Philip K. Dick's great book about a team of time travelers.
3366000	3372000	And if we're going to entertain this speculation for a second, then how would a secret time travel program actually work?
3372000	3376000	We know in general relativity that gravity and time are highly related.
3376000	3380000	So maybe you'd do an experiment like Thomas Townsend Brown's.
3380000	3385000	You might create a high-voltage environment that bends spacetime itself.
3385000	3393000	Or you might launch a very oddly timed rocket that happens to coincide with ancient traditional rituals.
3397000	3399000	Who knows? I doubt we'll ever know.
3399000	3402000	But even if you dismiss all of those crazy theories,
3402000	3406000	it is clear that the modern space program is not just a technical story.
3406000	3412000	It's a story about consciousness, belief, and the role of the human mind in space exploration.
3412000	3416000	This same theme shows up in other unexpected places.
3416000	3422000	Take James Ryder, former vice president of Lockheed Martin, and a director at Skunk Works.
3422000	3425000	In 2018, he gave a talk called The Garment of God.
3425000	3432000	In it, he emphasized the relationship between mysticism, consciousness, and technological progress.
3432000	3436000	In a separate lecture focused entirely on UAPs,
3436000	3439000	Ryder spoke openly about ritual, altered states,
3439000	3445000	and the overlap between ancient spiritual entities and modern contact experiences.
3445000	3451000	Dr. James Lakatsky, the DIA physicist involved in the OSAP program, made a similar point.
3451000	3454000	Within the U.S. government covert UFO program,
3454000	3459000	Lakatsky writes that the team gained access to a non-human craft and entered it.
3459000	3463000	The U.S. government has in its possession a craft of unknown origin,
3463000	3466000	and you are able to access the inside.
3466000	3468000	Is that correct?
3468000	3469000	Yes.
3469000	3472000	But elsewhere, he's taken things further.
3472000	3476000	Saying that if full human capabilities were known to us right now,
3476000	3478000	it is not something that we need to fear.
3478000	3481000	Our capabilities never have been fully revealed.
3481000	3483000	And we're still learning.
3483000	3485000	We've got a long way to evolve still.
3485000	3488000	Then there's Dr. Jeffrey Kripal,
3488000	3491000	Chair of Philosophy and Religious Studies at Rice University.
3491000	3493000	On the Danny Jones podcast,
3493000	3495000	he revealed that Charles Chase,
3495000	3499000	director of Lockheed's Revolutionary Projects organization,
3499000	3504000	once invited him to give a private talk to top engineers on one topic,
3504000	3505000	levitation.
3505000	3509000	Kripal spoke about shamans, saints, and monks from around the world
3509000	3514000	who claimed to float during intense spiritual or meditative states.
3514000	3517000	Apparently, Chase felt these accounts were worth studying.
3517000	3520000	He wanted the engineers at Skunk Works to hear about it.
3520000	3522000	And Chase wasn't alone.
3522000	3524000	Other senior Skunk Works figures,
3524000	3525000	Robert Weiss,
3525000	3526000	Steve Justice,
3526000	3527000	and Eric Schrock,
3527000	3529000	along with Air Force Research Lab Commander,
3529000	3530000	Neil McCaslin,
3530000	3534000	all advised Tom DeLonge and Peter Lavenda's Secret Machines Project.
3534000	3537000	These men weren't UFO YouTubers.
3537000	3542000	They were among the most technologically capable individuals in the defense sector.
3542000	3544000	It should come as no surprise, then,
3544000	3549000	that the core thesis of the book Secret Machines is that UAP are mystical machines.
3549000	3552000	According to both DeLonge and Lavenda,
3552000	3558000	these elite scientists frequently circled back to one concept in their conversations,
3558000	3559000	human consciousness.
3559000	3563000	So when experiencers say they fly the craft with their minds,
3563000	3566000	it might not be as far-fetched as it sounds.
3566000	3572000	It seems like people in the most elite circles of aerospace seem to entertain the same possibility.
3572000	3577000	When Diana Pasulka asked Taylor why he was interested in her work on religious studies,
3577000	3579000	his answer was simple.
3579000	3581000	The next development in my field,
3581000	3582000	rocket science,
3582000	3583000	will come from yours,
3583000	3586000	religion.
3590000	3594000	As the 20th century philosopher Henri Bergson put it,
3594000	3597000	the mystical summons up the mechanical.
3597000	3602000	The origins of the process of mechanization are more mystical than we might imagine.
3602000	3603000	He also said,
3603000	3607000	the eyes can only see what the mind is prepared to comprehend.
3609000	3614000	It seems like an inescapable conclusion that the history of rocket science and physics
3614000	3619000	is intimately connected to mystical traditions, the occult, and ancient mythology.
3619000	3623000	Whether it was Einstein dozing off as a patent clerk in Zurich,
3623000	3628000	or Dirac staring at the fire in Cambridge and downloading the Dirac equation,
3628000	3634000	or Wolfgang Pali receiving the architecture of the hydrogen atom in a dream,
3634000	3640000	or Heisenberg receiving the mathematical underpinnings of quantum leaps at Helgoland.
3640000	3646000	Throughout history, genius and inspiration have been described not as invention, but reception.
3646000	3656000	It may be something that extraterrestrial or non-human intelligence is sharing with us.
3656000	3660000	Or it may be the truth that is being protected by secrets.
3660000	3665000	As referenced by the first man to ever walk on the moon, Neil Armstrong.
3665000	3669000	We leave you much that is undone.
3669000	3673000	There are great ideas undiscovered.
3673000	3681000	Breakthroughs available to those who can remove one of truth's protective layers.
3681000	3688000	It was Neil Armstrong who asked to sit with my father and family.
3688000	3692000	And it turns out that he did talk with my father,
3692000	3698000	and they talked seriously about creating a new UFO research group.
3698000	3700000	Wow. Which was...
3700000	3705000	Which, well, I think became CUFOs because Neil was, he was fairly reclusive.
3705000	3708000	Not like Buzz Aldrin. He's not, didn't really enjoy the spotlight.
3708000	3714000	And especially in the early 70s, there was so much more stigma attached to the phenomenon
3714000	3717000	that he decided it's just not for me.
3717000	3722000	But for me, some of the most telling evidence are these things.
3722000	3727000	The fact that Neil Armstrong publicly sat with my father, who had...
3727000	3728000	A reputation.
3728000	3732000	Yeah, had good astronomical bona fides, but was known for UFOs at that time.
3732000	3733000	Yes.
3733000	3737000	He sat with him, and I know he talked to my dad about pursuing this.
3737000	3741000	So I don't know what he saw or what he think he may have seen.
3741000	3742000	Mm-hmm.
3742000	3747000	But he was a, you know, jet pilot, a test pilot.
3747000	3750000	And he decided that there was something going on.
3750000	3753000	And he wanted to work with my father to figure out what it was.
3753000	3754000	Wow.
3754000	3755000	—
3755000	3759000	—
3764000	3765000	Alchemist...
3765000	3766000	—
3766000	3767000	—
3767000	3768000	—
3768000	3769000	—
3784000	3790000	full picture, head over to the American Alchemy magazine we just launched on Substack. That's
3790000	3795680	where we deep dive into all sorts of crazy topics that we don't have time to fit into every video,
3795680	3801440	with weekly articles exploring all of the strange, forgotten, and conspiratorial corners of space,
3801440	3807680	history, and high weirdness. So join up today at our free or paid tiers on Substack.
3807680	3811280	I am including the full link in the description of this video.
3811280	3826960	And the first subscribers all get free American Alchemy hats.
